"Town/County","FIPS","Year","Town Profile Year","Measure Type","Variable","Value"
"Andover","0901301080",2013,2016,"Number","Total Housing Units",1144
"Andover","0901301080",2013,2016,"Number","Housing Units Built Before 1950",317
"Andover","0901301080",2013,2016,"Percent","Housing Units Built Before 1950",27.7
"Andover","0901301080",2015,2017,"Number","Total Housing Units",1234
"Andover","0901301080",2015,2017,"Number","Housing Units Built Before 1950",325
"Andover","0901301080",2015,2017,"Percent","Housing Units Built Before 1950",26.3
"Ansonia","0900901220",2013,2016,"Number","Total Housing Units",7794
"Ansonia","0900901220",2013,2016,"Number","Housing Units Built Before 1950",3934
"Ansonia","0900901220",2013,2016,"Percent","Housing Units Built Before 1950",50.5
"Ansonia","0900901220",2015,2017,"Number","Total Housing Units",7408
"Ansonia","0900901220",2015,2017,"Number","Housing Units Built Before 1950",3553
"Ansonia","0900901220",2015,2017,"Percent","Housing Units Built Before 1950",48
"Ashford","0901501430",2013,2016,"Number","Total Housing Units",1839
"Ashford","0901501430",2013,2016,"Number","Housing Units Built Before 1950",231
"Ashford","0901501430",2013,2016,"Percent","Housing Units Built Before 1950",12.6
"Ashford","0901501430",2015,2017,"Number","Total Housing Units",1898
"Ashford","0901501430",2015,2017,"Number","Housing Units Built Before 1950",229
"Ashford","0901501430",2015,2017,"Percent","Housing Units Built Before 1950",12.1
"Avon","0900302060",2013,2016,"Number","Total Housing Units",7454
"Avon","0900302060",2013,2016,"Number","Housing Units Built Before 1950",662
"Avon","0900302060",2013,2016,"Percent","Housing Units Built Before 1950",8.9
"Avon","0900302060",2015,2017,"Number","Total Housing Units",7342
"Avon","0900302060",2015,2017,"Number","Housing Units Built Before 1950",708
"Avon","0900302060",2015,2017,"Percent","Housing Units Built Before 1950",9.6
"Barkhamsted","0900502760",2013,2016,"Number","Total Housing Units",1537
"Barkhamsted","0900502760",2013,2016,"Number","Housing Units Built Before 1950",237
"Barkhamsted","0900502760",2013,2016,"Percent","Housing Units Built Before 1950",15.4
"Barkhamsted","0900502760",2015,2017,"Number","Total Housing Units",1500
"Barkhamsted","0900502760",2015,2017,"Number","Housing Units Built Before 1950",179
"Barkhamsted","0900502760",2015,2017,"Percent","Housing Units Built Before 1950",11.9
"Beacon Falls","0900903250",2013,2016,"Number","Total Housing Units",2479
"Beacon Falls","0900903250",2013,2016,"Number","Housing Units Built Before 1950",496
"Beacon Falls","0900903250",2013,2016,"Percent","Housing Units Built Before 1950",20
"Beacon Falls","0900903250",2015,2017,"Number","Total Housing Units",2623
"Beacon Falls","0900903250",2015,2017,"Number","Housing Units Built Before 1950",568
"Beacon Falls","0900903250",2015,2017,"Percent","Housing Units Built Before 1950",21.7
"Berlin","0900304300",2013,2016,"Number","Total Housing Units",7961
"Berlin","0900304300",2013,2016,"Number","Housing Units Built Before 1950",1659
"Berlin","0900304300",2013,2016,"Percent","Housing Units Built Before 1950",20.8
"Berlin","0900304300",2015,2017,"Number","Total Housing Units",8333
"Berlin","0900304300",2015,2017,"Number","Housing Units Built Before 1950",1675
"Berlin","0900304300",2015,2017,"Percent","Housing Units Built Before 1950",20.1
"Bethany","0900904580",2013,2016,"Number","Total Housing Units",2031
"Bethany","0900904580",2013,2016,"Number","Housing Units Built Before 1950",282
"Bethany","0900904580",2013,2016,"Percent","Housing Units Built Before 1950",13.9
"Bethany","0900904580",2015,2017,"Number","Total Housing Units",2060
"Bethany","0900904580",2015,2017,"Number","Housing Units Built Before 1950",263
"Bethany","0900904580",2015,2017,"Percent","Housing Units Built Before 1950",12.8
"Bethel","0900104720",2013,2016,"Number","Total Housing Units",7139
"Bethel","0900104720",2013,2016,"Number","Housing Units Built Before 1950",1688
"Bethel","0900104720",2013,2016,"Percent","Housing Units Built Before 1950",23.6
"Bethel","0900104720",2015,2017,"Number","Total Housing Units",7540
"Bethel","0900104720",2015,2017,"Number","Housing Units Built Before 1950",1597
"Bethel","0900104720",2015,2017,"Percent","Housing Units Built Before 1950",21.2
"Bethlehem","0900504930",2013,2016,"Number","Total Housing Units",1521
"Bethlehem","0900504930",2013,2016,"Number","Housing Units Built Before 1950",306
"Bethlehem","0900504930",2013,2016,"Percent","Housing Units Built Before 1950",20.1
"Bethlehem","0900504930",2015,2017,"Number","Total Housing Units",1493
"Bethlehem","0900504930",2015,2017,"Number","Housing Units Built Before 1950",268
"Bethlehem","0900504930",2015,2017,"Percent","Housing Units Built Before 1950",18
"Bloomfield","0900305910",2013,2016,"Number","Total Housing Units",8877
"Bloomfield","0900305910",2013,2016,"Number","Housing Units Built Before 1950",1129
"Bloomfield","0900305910",2013,2016,"Percent","Housing Units Built Before 1950",12.7
"Bloomfield","0900305910",2015,2017,"Number","Total Housing Units",8823
"Bloomfield","0900305910",2015,2017,"Number","Housing Units Built Before 1950",1278
"Bloomfield","0900305910",2015,2017,"Percent","Housing Units Built Before 1950",14.5
"Bolton","0901306260",2013,2016,"Number","Total Housing Units",2211
"Bolton","0901306260",2013,2016,"Number","Housing Units Built Before 1950",425
"Bolton","0901306260",2013,2016,"Percent","Housing Units Built Before 1950",19.2
"Bolton","0901306260",2015,2017,"Number","Total Housing Units",2131
"Bolton","0901306260",2015,2017,"Number","Housing Units Built Before 1950",313
"Bolton","0901306260",2015,2017,"Percent","Housing Units Built Before 1950",14.7
"Bozrah","0901106820",2013,2016,"Number","Total Housing Units",1033
"Bozrah","0901106820",2013,2016,"Number","Housing Units Built Before 1950",207
"Bozrah","0901106820",2013,2016,"Percent","Housing Units Built Before 1950",20
"Bozrah","0901106820",2015,2017,"Number","Total Housing Units",1087
"Bozrah","0901106820",2015,2017,"Number","Housing Units Built Before 1950",215
"Bozrah","0901106820",2015,2017,"Percent","Housing Units Built Before 1950",19.8
"Branford","0900907310",2013,2016,"Number","Total Housing Units",13304
"Branford","0900907310",2013,2016,"Number","Housing Units Built Before 1950",3775
"Branford","0900907310",2013,2016,"Percent","Housing Units Built Before 1950",28.4
"Branford","0900907310",2015,2017,"Number","Total Housing Units",13967
"Branford","0900907310",2015,2017,"Number","Housing Units Built Before 1950",3721
"Branford","0900907310",2015,2017,"Percent","Housing Units Built Before 1950",26.6
"Bridgeport","0900108070",2013,2016,"Number","Total Housing Units",57881
"Bridgeport","0900108070",2013,2016,"Number","Housing Units Built Before 1950",27445
"Bridgeport","0900108070",2013,2016,"Percent","Housing Units Built Before 1950",47.4
"Bridgeport","0900108070",2015,2017,"Number","Total Housing Units",57889
"Bridgeport","0900108070",2015,2017,"Number","Housing Units Built Before 1950",29517
"Bridgeport","0900108070",2015,2017,"Percent","Housing Units Built Before 1950",51
"Bridgewater","0900508210",2013,2016,"Number","Total Housing Units",887
"Bridgewater","0900508210",2013,2016,"Number","Housing Units Built Before 1950",284
"Bridgewater","0900508210",2013,2016,"Percent","Housing Units Built Before 1950",32
"Bridgewater","0900508210",2015,2017,"Number","Total Housing Units",886
"Bridgewater","0900508210",2015,2017,"Number","Housing Units Built Before 1950",324
"Bridgewater","0900508210",2015,2017,"Percent","Housing Units Built Before 1950",36.6
"Bristol","0900308490",2013,2016,"Number","Total Housing Units",26963
"Bristol","0900308490",2013,2016,"Number","Housing Units Built Before 1950",7911
"Bristol","0900308490",2013,2016,"Percent","Housing Units Built Before 1950",29.3
"Bristol","0900308490",2015,2017,"Number","Total Housing Units",26953
"Bristol","0900308490",2015,2017,"Number","Housing Units Built Before 1950",7677
"Bristol","0900308490",2015,2017,"Percent","Housing Units Built Before 1950",28.5
"Brookfield","0900108980",2013,2016,"Number","Total Housing Units",6490
"Brookfield","0900108980",2013,2016,"Number","Housing Units Built Before 1950",580
"Brookfield","0900108980",2013,2016,"Percent","Housing Units Built Before 1950",8.9
"Brookfield","0900108980",2015,2017,"Number","Total Housing Units",6507
"Brookfield","0900108980",2015,2017,"Number","Housing Units Built Before 1950",712
"Brookfield","0900108980",2015,2017,"Percent","Housing Units Built Before 1950",10.9
"Brooklyn","0901509190",2013,2016,"Number","Total Housing Units",3182
"Brooklyn","0901509190",2013,2016,"Number","Housing Units Built Before 1950",780
"Brooklyn","0901509190",2013,2016,"Percent","Housing Units Built Before 1950",24.5
"Brooklyn","0901509190",2015,2017,"Number","Total Housing Units",3160
"Brooklyn","0901509190",2015,2017,"Number","Housing Units Built Before 1950",741
"Brooklyn","0901509190",2015,2017,"Percent","Housing Units Built Before 1950",23.4
"Burlington","0900310100",2013,2016,"Number","Total Housing Units",3601
"Burlington","0900310100",2013,2016,"Number","Housing Units Built Before 1950",314
"Burlington","0900310100",2013,2016,"Percent","Housing Units Built Before 1950",8.7
"Burlington","0900310100",2015,2017,"Number","Total Housing Units",3535
"Burlington","0900310100",2015,2017,"Number","Housing Units Built Before 1950",307
"Burlington","0900310100",2015,2017,"Percent","Housing Units Built Before 1950",8.7
"Canaan","0900510940",2013,2016,"Number","Total Housing Units",764
"Canaan","0900510940",2013,2016,"Number","Housing Units Built Before 1950",306
"Canaan","0900510940",2013,2016,"Percent","Housing Units Built Before 1950",40.1
"Canaan","0900510940",2015,2017,"Number","Total Housing Units",746
"Canaan","0900510940",2015,2017,"Number","Housing Units Built Before 1950",293
"Canaan","0900510940",2015,2017,"Percent","Housing Units Built Before 1950",39.3
"Canterbury","0901512130",2013,2016,"Number","Total Housing Units",2087
"Canterbury","0901512130",2013,2016,"Number","Housing Units Built Before 1950",413
"Canterbury","0901512130",2013,2016,"Percent","Housing Units Built Before 1950",19.8
"Canterbury","0901512130",2015,2017,"Number","Total Housing Units",2026
"Canterbury","0901512130",2015,2017,"Number","Housing Units Built Before 1950",342
"Canterbury","0901512130",2015,2017,"Percent","Housing Units Built Before 1950",16.9
"Canton","0900312270",2013,2016,"Number","Total Housing Units",4280
"Canton","0900312270",2013,2016,"Number","Housing Units Built Before 1950",1170
"Canton","0900312270",2013,2016,"Percent","Housing Units Built Before 1950",27.3
"Canton","0900312270",2015,2017,"Number","Total Housing Units",4321
"Canton","0900312270",2015,2017,"Number","Housing Units Built Before 1950",1192
"Canton","0900312270",2015,2017,"Percent","Housing Units Built Before 1950",27.6
"Chaplin","0901513810",2013,2016,"Number","Total Housing Units",972
"Chaplin","0901513810",2013,2016,"Number","Housing Units Built Before 1950",328
"Chaplin","0901513810",2013,2016,"Percent","Housing Units Built Before 1950",33.7
"Chaplin","0901513810",2015,2017,"Number","Total Housing Units",938
"Chaplin","0901513810",2015,2017,"Number","Housing Units Built Before 1950",281
"Chaplin","0901513810",2015,2017,"Percent","Housing Units Built Before 1950",30
"Cheshire","0900914160",2013,2016,"Number","Total Housing Units",10149
"Cheshire","0900914160",2013,2016,"Number","Housing Units Built Before 1950",1464
"Cheshire","0900914160",2013,2016,"Percent","Housing Units Built Before 1950",14.4
"Cheshire","0900914160",2015,2017,"Number","Total Housing Units",10413
"Cheshire","0900914160",2015,2017,"Number","Housing Units Built Before 1950",1418
"Cheshire","0900914160",2015,2017,"Percent","Housing Units Built Before 1950",13.6
"Chester","0900714300",2013,2016,"Number","Total Housing Units",2049
"Chester","0900714300",2013,2016,"Number","Housing Units Built Before 1950",790
"Chester","0900714300",2013,2016,"Percent","Housing Units Built Before 1950",38.6
"Chester","0900714300",2015,2017,"Number","Total Housing Units",2091
"Chester","0900714300",2015,2017,"Number","Housing Units Built Before 1950",779
"Chester","0900714300",2015,2017,"Percent","Housing Units Built Before 1950",37.3
"Clinton","0900715350",2013,2016,"Number","Total Housing Units",6049
"Clinton","0900715350",2013,2016,"Number","Housing Units Built Before 1950",1242
"Clinton","0900715350",2013,2016,"Percent","Housing Units Built Before 1950",20.5
"Clinton","0900715350",2015,2017,"Number","Total Housing Units",6157
"Clinton","0900715350",2015,2017,"Number","Housing Units Built Before 1950",1267
"Clinton","0900715350",2015,2017,"Percent","Housing Units Built Before 1950",20.6
"Colchester","0901115910",2013,2016,"Number","Total Housing Units",6218
"Colchester","0901115910",2013,2016,"Number","Housing Units Built Before 1950",852
"Colchester","0901115910",2013,2016,"Percent","Housing Units Built Before 1950",13.7
"Colchester","0901115910",2015,2017,"Number","Total Housing Units",6209
"Colchester","0901115910",2015,2017,"Number","Housing Units Built Before 1950",705
"Colchester","0901115910",2015,2017,"Percent","Housing Units Built Before 1950",11.4
"Colebrook","0900516050",2013,2016,"Number","Total Housing Units",727
"Colebrook","0900516050",2013,2016,"Number","Housing Units Built Before 1950",245
"Colebrook","0900516050",2013,2016,"Percent","Housing Units Built Before 1950",33.7
"Colebrook","0900516050",2015,2017,"Number","Total Housing Units",801
"Colebrook","0900516050",2015,2017,"Number","Housing Units Built Before 1950",284
"Colebrook","0900516050",2015,2017,"Percent","Housing Units Built Before 1950",35.5
"Columbia","0901316400",2013,2016,"Number","Total Housing Units",2276
"Columbia","0901316400",2013,2016,"Number","Housing Units Built Before 1950",431
"Columbia","0901316400",2013,2016,"Percent","Housing Units Built Before 1950",18.9
"Columbia","0901316400",2015,2017,"Number","Total Housing Units",2159
"Columbia","0901316400",2015,2017,"Number","Housing Units Built Before 1950",414
"Columbia","0901316400",2015,2017,"Percent","Housing Units Built Before 1950",19.2
"Connecticut","09",2013,2016,"Number","Total Housing Units",1486995
"Connecticut","09",2013,2016,"Number","Housing Units Built Before 1950",442329
"Connecticut","09",2013,2016,"Percent","Housing Units Built Before 1950",29.7
"Connecticut","09",2015,2017,"Number","Total Housing Units",1491786
"Connecticut","09",2015,2017,"Number","Housing Units Built Before 1950",437082
"Connecticut","09",2015,2017,"Percent","Housing Units Built Before 1950",29.3
"Cornwall","0900517240",2013,2016,"Number","Total Housing Units",984
"Cornwall","0900517240",2013,2016,"Number","Housing Units Built Before 1950",465
"Cornwall","0900517240",2013,2016,"Percent","Housing Units Built Before 1950",47.3
"Cornwall","0900517240",2015,2017,"Number","Total Housing Units",1020
"Cornwall","0900517240",2015,2017,"Number","Housing Units Built Before 1950",489
"Cornwall","0900517240",2015,2017,"Percent","Housing Units Built Before 1950",47.9
"Coventry","0901317800",2013,2016,"Number","Total Housing Units",5062
"Coventry","0901317800",2013,2016,"Number","Housing Units Built Before 1950",1335
"Coventry","0901317800",2013,2016,"Percent","Housing Units Built Before 1950",26.4
"Coventry","0901317800",2015,2017,"Number","Total Housing Units",4965
"Coventry","0901317800",2015,2017,"Number","Housing Units Built Before 1950",1330
"Coventry","0901317800",2015,2017,"Percent","Housing Units Built Before 1950",26.8
"Cromwell","0900718080",2013,2016,"Number","Total Housing Units",5751
"Cromwell","0900718080",2013,2016,"Number","Housing Units Built Before 1950",1071
"Cromwell","0900718080",2013,2016,"Percent","Housing Units Built Before 1950",18.6
"Cromwell","0900718080",2015,2017,"Number","Total Housing Units",5846
"Cromwell","0900718080",2015,2017,"Number","Housing Units Built Before 1950",1086
"Cromwell","0900718080",2015,2017,"Percent","Housing Units Built Before 1950",18.6
"Danbury","0900118500",2013,2016,"Number","Total Housing Units",32480
"Danbury","0900118500",2013,2016,"Number","Housing Units Built Before 1950",8689
"Danbury","0900118500",2013,2016,"Percent","Housing Units Built Before 1950",26.8
"Danbury","0900118500",2015,2017,"Number","Total Housing Units",31716
"Danbury","0900118500",2015,2017,"Number","Housing Units Built Before 1950",8313
"Danbury","0900118500",2015,2017,"Percent","Housing Units Built Before 1950",26.2
"Darien","0900118850",2013,2016,"Number","Total Housing Units",6917
"Darien","0900118850",2013,2016,"Number","Housing Units Built Before 1950",2503
"Darien","0900118850",2013,2016,"Percent","Housing Units Built Before 1950",36.2
"Darien","0900118850",2015,2017,"Number","Total Housing Units",6940
"Darien","0900118850",2015,2017,"Number","Housing Units Built Before 1950",2628
"Darien","0900118850",2015,2017,"Percent","Housing Units Built Before 1950",37.9
"Deep River","0900719130",2013,2016,"Number","Total Housing Units",2213
"Deep River","0900719130",2013,2016,"Number","Housing Units Built Before 1950",990
"Deep River","0900719130",2013,2016,"Percent","Housing Units Built Before 1950",44.7
"Deep River","0900719130",2015,2017,"Number","Total Housing Units",2169
"Deep River","0900719130",2015,2017,"Number","Housing Units Built Before 1950",907
"Deep River","0900719130",2015,2017,"Percent","Housing Units Built Before 1950",41.8
"Derby","0900919550",2013,2016,"Number","Total Housing Units",5721
"Derby","0900919550",2013,2016,"Number","Housing Units Built Before 1950",2296
"Derby","0900919550",2013,2016,"Percent","Housing Units Built Before 1950",40.1
"Derby","0900919550",2015,2017,"Number","Total Housing Units",5429
"Derby","0900919550",2015,2017,"Number","Housing Units Built Before 1950",2041
"Derby","0900919550",2015,2017,"Percent","Housing Units Built Before 1950",37.6
"Durham","0900720810",2013,2016,"Number","Total Housing Units",2674
"Durham","0900720810",2013,2016,"Number","Housing Units Built Before 1950",482
"Durham","0900720810",2013,2016,"Percent","Housing Units Built Before 1950",18
"Durham","0900720810",2015,2017,"Number","Total Housing Units",2692
"Durham","0900720810",2015,2017,"Number","Housing Units Built Before 1950",643
"Durham","0900720810",2015,2017,"Percent","Housing Units Built Before 1950",23.9
"Eastford","0901521860",2013,2016,"Number","Total Housing Units",777
"Eastford","0901521860",2013,2016,"Number","Housing Units Built Before 1950",197
"Eastford","0901521860",2013,2016,"Percent","Housing Units Built Before 1950",25.4
"Eastford","0901521860",2015,2017,"Number","Total Housing Units",783
"Eastford","0901521860",2015,2017,"Number","Housing Units Built Before 1950",176
"Eastford","0901521860",2015,2017,"Percent","Housing Units Built Before 1950",22.5
"East Granby","0900322070",2013,2016,"Number","Total Housing Units",2187
"East Granby","0900322070",2013,2016,"Number","Housing Units Built Before 1950",263
"East Granby","0900322070",2013,2016,"Percent","Housing Units Built Before 1950",12
"East Granby","0900322070",2015,2017,"Number","Total Housing Units",2198
"East Granby","0900322070",2015,2017,"Number","Housing Units Built Before 1950",194
"East Granby","0900322070",2015,2017,"Percent","Housing Units Built Before 1950",8.8
"East Haddam","0900722280",2013,2016,"Number","Total Housing Units",4633
"East Haddam","0900722280",2013,2016,"Number","Housing Units Built Before 1950",974
"East Haddam","0900722280",2013,2016,"Percent","Housing Units Built Before 1950",21
"East Haddam","0900722280",2015,2017,"Number","Total Housing Units",4538
"East Haddam","0900722280",2015,2017,"Number","Housing Units Built Before 1950",971
"East Haddam","0900722280",2015,2017,"Percent","Housing Units Built Before 1950",21.4
"East Hampton","0900722490",2013,2016,"Number","Total Housing Units",5457
"East Hampton","0900722490",2013,2016,"Number","Housing Units Built Before 1950",1216
"East Hampton","0900722490",2013,2016,"Percent","Housing Units Built Before 1950",22.3
"East Hampton","0900722490",2015,2017,"Number","Total Housing Units",5570
"East Hampton","0900722490",2015,2017,"Number","Housing Units Built Before 1950",1471
"East Hampton","0900722490",2015,2017,"Percent","Housing Units Built Before 1950",26.4
"East Hartford","0900322630",2013,2016,"Number","Total Housing Units",21704
"East Hartford","0900322630",2013,2016,"Number","Housing Units Built Before 1950",5940
"East Hartford","0900322630",2013,2016,"Percent","Housing Units Built Before 1950",27.4
"East Hartford","0900322630",2015,2017,"Number","Total Housing Units",22116
"East Hartford","0900322630",2015,2017,"Number","Housing Units Built Before 1950",5540
"East Hartford","0900322630",2015,2017,"Percent","Housing Units Built Before 1950",25
"East Haven","0900922910",2013,2016,"Number","Total Housing Units",12549
"East Haven","0900922910",2013,2016,"Number","Housing Units Built Before 1950",2994
"East Haven","0900922910",2013,2016,"Percent","Housing Units Built Before 1950",23.9
"East Haven","0900922910",2015,2017,"Number","Total Housing Units",12456
"East Haven","0900922910",2015,2017,"Number","Housing Units Built Before 1950",2845
"East Haven","0900922910",2015,2017,"Percent","Housing Units Built Before 1950",22.8
"East Lyme","0901123400",2013,2016,"Number","Total Housing Units",8281
"East Lyme","0901123400",2013,2016,"Number","Housing Units Built Before 1950",1829
"East Lyme","0901123400",2013,2016,"Percent","Housing Units Built Before 1950",22.1
"East Lyme","0901123400",2015,2017,"Number","Total Housing Units",8226
"East Lyme","0901123400",2015,2017,"Number","Housing Units Built Before 1950",1953
"East Lyme","0901123400",2015,2017,"Percent","Housing Units Built Before 1950",23.7
"Easton","0900123890",2013,2016,"Number","Total Housing Units",2663
"Easton","0900123890",2013,2016,"Number","Housing Units Built Before 1950",552
"Easton","0900123890",2013,2016,"Percent","Housing Units Built Before 1950",20.7
"Easton","0900123890",2015,2017,"Number","Total Housing Units",2757
"Easton","0900123890",2015,2017,"Number","Housing Units Built Before 1950",667
"Easton","0900123890",2015,2017,"Percent","Housing Units Built Before 1950",24.2
"East Windsor","0900324800",2013,2016,"Number","Total Housing Units",4933
"East Windsor","0900324800",2013,2016,"Number","Housing Units Built Before 1950",1123
"East Windsor","0900324800",2013,2016,"Percent","Housing Units Built Before 1950",22.8
"East Windsor","0900324800",2015,2017,"Number","Total Housing Units",4691
"East Windsor","0900324800",2015,2017,"Number","Housing Units Built Before 1950",1012
"East Windsor","0900324800",2015,2017,"Percent","Housing Units Built Before 1950",21.6
"Ellington","0901325360",2013,2016,"Number","Total Housing Units",6505
"Ellington","0901325360",2013,2016,"Number","Housing Units Built Before 1950",1101
"Ellington","0901325360",2013,2016,"Percent","Housing Units Built Before 1950",16.9
"Ellington","0901325360",2015,2017,"Number","Total Housing Units",6669
"Ellington","0901325360",2015,2017,"Number","Housing Units Built Before 1950",926
"Ellington","0901325360",2015,2017,"Percent","Housing Units Built Before 1950",13.9
"Enfield","0900325990",2013,2016,"Number","Total Housing Units",17386
"Enfield","0900325990",2013,2016,"Number","Housing Units Built Before 1950",3621
"Enfield","0900325990",2013,2016,"Percent","Housing Units Built Before 1950",20.8
"Enfield","0900325990",2015,2017,"Number","Total Housing Units",17446
"Enfield","0900325990",2015,2017,"Number","Housing Units Built Before 1950",3472
"Enfield","0900325990",2015,2017,"Percent","Housing Units Built Before 1950",19.9
"Essex","0900726270",2013,2016,"Number","Total Housing Units",3202
"Essex","0900726270",2013,2016,"Number","Housing Units Built Before 1950",1061
"Essex","0900726270",2013,2016,"Percent","Housing Units Built Before 1950",33.1
"Essex","0900726270",2015,2017,"Number","Total Housing Units",3263
"Essex","0900726270",2015,2017,"Number","Housing Units Built Before 1950",1082
"Essex","0900726270",2015,2017,"Percent","Housing Units Built Before 1950",33.2
"Fairfield","0900126620",2013,2016,"Number","Total Housing Units",21392
"Fairfield","0900126620",2013,2016,"Number","Housing Units Built Before 1950",7610
"Fairfield","0900126620",2013,2016,"Percent","Housing Units Built Before 1950",35.6
"Fairfield","0900126620",2015,2017,"Number","Total Housing Units",21359
"Fairfield","0900126620",2015,2017,"Number","Housing Units Built Before 1950",7419
"Fairfield","0900126620",2015,2017,"Percent","Housing Units Built Before 1950",34.7
"Fairfield County","09001",2013,2016,"Number","Total Housing Units",361272
"Fairfield County","09001",2013,2016,"Number","Housing Units Built Before 1950",105708
"Fairfield County","09001",2013,2016,"Percent","Housing Units Built Before 1950",29.3
"Fairfield County","09001",2015,2017,"Number","Total Housing Units",363556
"Fairfield County","09001",2015,2017,"Number","Housing Units Built Before 1950",105309
"Fairfield County","09001",2015,2017,"Percent","Housing Units Built Before 1950",29
"Farmington","0900327600",2013,2016,"Number","Total Housing Units",11032
"Farmington","0900327600",2013,2016,"Number","Housing Units Built Before 1950",1387
"Farmington","0900327600",2013,2016,"Percent","Housing Units Built Before 1950",12.6
"Farmington","0900327600",2015,2017,"Number","Total Housing Units",11052
"Farmington","0900327600",2015,2017,"Number","Housing Units Built Before 1950",1335
"Farmington","0900327600",2015,2017,"Percent","Housing Units Built Before 1950",12.1
"Franklin","0901129910",2013,2016,"Number","Total Housing Units",757
"Franklin","0901129910",2013,2016,"Number","Housing Units Built Before 1950",165
"Franklin","0901129910",2013,2016,"Percent","Housing Units Built Before 1950",21.8
"Franklin","0901129910",2015,2017,"Number","Total Housing Units",772
"Franklin","0901129910",2015,2017,"Number","Housing Units Built Before 1950",157
"Franklin","0901129910",2015,2017,"Percent","Housing Units Built Before 1950",20.3
"Glastonbury","0900331240",2013,2016,"Number","Total Housing Units",13546
"Glastonbury","0900331240",2013,2016,"Number","Housing Units Built Before 1950",2052
"Glastonbury","0900331240",2013,2016,"Percent","Housing Units Built Before 1950",15.1
"Glastonbury","0900331240",2015,2017,"Number","Total Housing Units",13722
"Glastonbury","0900331240",2015,2017,"Number","Housing Units Built Before 1950",2134
"Glastonbury","0900331240",2015,2017,"Percent","Housing Units Built Before 1950",15.6
"Goshen","0900532290",2013,2016,"Number","Total Housing Units",1679
"Goshen","0900532290",2013,2016,"Number","Housing Units Built Before 1950",180
"Goshen","0900532290",2013,2016,"Percent","Housing Units Built Before 1950",10.7
"Goshen","0900532290",2015,2017,"Number","Total Housing Units",1633
"Goshen","0900532290",2015,2017,"Number","Housing Units Built Before 1950",211
"Goshen","0900532290",2015,2017,"Percent","Housing Units Built Before 1950",12.9
"Granby","0900332640",2013,2016,"Number","Total Housing Units",4595
"Granby","0900332640",2013,2016,"Number","Housing Units Built Before 1950",554
"Granby","0900332640",2013,2016,"Percent","Housing Units Built Before 1950",12.1
"Granby","0900332640",2015,2017,"Number","Total Housing Units",4597
"Granby","0900332640",2015,2017,"Number","Housing Units Built Before 1950",544
"Granby","0900332640",2015,2017,"Percent","Housing Units Built Before 1950",11.8
"Greenwich","0900133620",2013,2016,"Number","Total Housing Units",23985
"Greenwich","0900133620",2013,2016,"Number","Housing Units Built Before 1950",8923
"Greenwich","0900133620",2013,2016,"Percent","Housing Units Built Before 1950",37.2
"Greenwich","0900133620",2015,2017,"Number","Total Housing Units",24242
"Greenwich","0900133620",2015,2017,"Number","Housing Units Built Before 1950",8650
"Greenwich","0900133620",2015,2017,"Percent","Housing Units Built Before 1950",35.7
"Griswold","0901133900",2013,2016,"Number","Total Housing Units",5154
"Griswold","0901133900",2013,2016,"Number","Housing Units Built Before 1950",1213
"Griswold","0901133900",2013,2016,"Percent","Housing Units Built Before 1950",23.5
"Griswold","0901133900",2015,2017,"Number","Total Housing Units",4936
"Griswold","0901133900",2015,2017,"Number","Housing Units Built Before 1950",1136
"Griswold","0901133900",2015,2017,"Percent","Housing Units Built Before 1950",23
"Groton","0901134250",2013,2016,"Number","Total Housing Units",18060
"Groton","0901134250",2013,2016,"Number","Housing Units Built Before 1950",4174
"Groton","0901134250",2013,2016,"Percent","Housing Units Built Before 1950",23.1
"Groton","0901134250",2015,2017,"Number","Total Housing Units",18506
"Groton","0901134250",2015,2017,"Number","Housing Units Built Before 1950",4154
"Groton","0901134250",2015,2017,"Percent","Housing Units Built Before 1950",22.4
"Guilford","0900934950",2013,2016,"Number","Total Housing Units",9696
"Guilford","0900934950",2013,2016,"Number","Housing Units Built Before 1950",1850
"Guilford","0900934950",2013,2016,"Percent","Housing Units Built Before 1950",19.1
"Guilford","0900934950",2015,2017,"Number","Total Housing Units",9578
"Guilford","0900934950",2015,2017,"Number","Housing Units Built Before 1950",1797
"Guilford","0900934950",2015,2017,"Percent","Housing Units Built Before 1950",18.8
"Haddam","0900735230",2013,2016,"Number","Total Housing Units",3450
"Haddam","0900735230",2013,2016,"Number","Housing Units Built Before 1950",839
"Haddam","0900735230",2013,2016,"Percent","Housing Units Built Before 1950",24.3
"Haddam","0900735230",2015,2017,"Number","Total Housing Units",3552
"Haddam","0900735230",2015,2017,"Number","Housing Units Built Before 1950",710
"Haddam","0900735230",2015,2017,"Percent","Housing Units Built Before 1950",20
"Hamden","0900935650",2013,2016,"Number","Total Housing Units",25075
"Hamden","0900935650",2013,2016,"Number","Housing Units Built Before 1950",7315
"Hamden","0900935650",2013,2016,"Percent","Housing Units Built Before 1950",29.2
"Hamden","0900935650",2015,2017,"Number","Total Housing Units",25227
"Hamden","0900935650",2015,2017,"Number","Housing Units Built Before 1950",7780
"Hamden","0900935650",2015,2017,"Percent","Housing Units Built Before 1950",30.8
"Hampton","0901536000",2013,2016,"Number","Total Housing Units",778
"Hampton","0901536000",2013,2016,"Number","Housing Units Built Before 1950",252
"Hampton","0901536000",2013,2016,"Percent","Housing Units Built Before 1950",32.4
"Hampton","0901536000",2015,2017,"Number","Total Housing Units",755
"Hampton","0901536000",2015,2017,"Number","Housing Units Built Before 1950",269
"Hampton","0901536000",2015,2017,"Percent","Housing Units Built Before 1950",35.6
"Hartford","0900337070",2013,2016,"Number","Total Housing Units",53963
"Hartford","0900337070",2013,2016,"Number","Housing Units Built Before 1950",27195
"Hartford","0900337070",2013,2016,"Percent","Housing Units Built Before 1950",50.4
"Hartford","0900337070",2015,2017,"Number","Total Housing Units",52737
"Hartford","0900337070",2015,2017,"Number","Housing Units Built Before 1950",25519
"Hartford","0900337070",2015,2017,"Percent","Housing Units Built Before 1950",48.4
"Hartford County","09003",2013,2016,"Number","Total Housing Units",373809
"Hartford County","09003",2013,2016,"Number","Housing Units Built Before 1950",106734
"Hartford County","09003",2013,2016,"Percent","Housing Units Built Before 1950",28.6
"Hartford County","09003",2015,2017,"Number","Total Housing Units",374453
"Hartford County","09003",2015,2017,"Number","Housing Units Built Before 1950",104004
"Hartford County","09003",2015,2017,"Percent","Housing Units Built Before 1950",27.8
"Hartland","0900337140",2013,2016,"Number","Total Housing Units",847
"Hartland","0900337140",2013,2016,"Number","Housing Units Built Before 1950",234
"Hartland","0900337140",2013,2016,"Percent","Housing Units Built Before 1950",27.6
"Hartland","0900337140",2015,2017,"Number","Total Housing Units",832
"Hartland","0900337140",2015,2017,"Number","Housing Units Built Before 1950",222
"Hartland","0900337140",2015,2017,"Percent","Housing Units Built Before 1950",26.7
"Harwinton","0900537280",2013,2016,"Number","Total Housing Units",2243
"Harwinton","0900537280",2013,2016,"Number","Housing Units Built Before 1950",483
"Harwinton","0900537280",2013,2016,"Percent","Housing Units Built Before 1950",21.5
"Harwinton","0900537280",2015,2017,"Number","Total Housing Units",2259
"Harwinton","0900537280",2015,2017,"Number","Housing Units Built Before 1950",436
"Harwinton","0900537280",2015,2017,"Percent","Housing Units Built Before 1950",19.3
"Hebron","0901337910",2013,2016,"Number","Total Housing Units",3446
"Hebron","0901337910",2013,2016,"Number","Housing Units Built Before 1950",411
"Hebron","0901337910",2013,2016,"Percent","Housing Units Built Before 1950",11.9
"Hebron","0901337910",2015,2017,"Number","Total Housing Units",3622
"Hebron","0901337910",2015,2017,"Number","Housing Units Built Before 1950",291
"Hebron","0901337910",2015,2017,"Percent","Housing Units Built Before 1950",8
"Kent","0900540290",2013,2016,"Number","Total Housing Units",1660
"Kent","0900540290",2013,2016,"Number","Housing Units Built Before 1950",513
"Kent","0900540290",2013,2016,"Percent","Housing Units Built Before 1950",30.9
"Kent","0900540290",2015,2017,"Number","Total Housing Units",1508
"Kent","0900540290",2015,2017,"Number","Housing Units Built Before 1950",465
"Kent","0900540290",2015,2017,"Percent","Housing Units Built Before 1950",30.8
"Killingly","0901540500",2013,2016,"Number","Total Housing Units",7512
"Killingly","0901540500",2013,2016,"Number","Housing Units Built Before 1950",2259
"Killingly","0901540500",2013,2016,"Percent","Housing Units Built Before 1950",30.1
"Killingly","0901540500",2015,2017,"Number","Total Housing Units",7811
"Killingly","0901540500",2015,2017,"Number","Housing Units Built Before 1950",2306
"Killingly","0901540500",2015,2017,"Percent","Housing Units Built Before 1950",29.5
"Killingworth","0900740710",2013,2016,"Number","Total Housing Units",2771
"Killingworth","0900740710",2013,2016,"Number","Housing Units Built Before 1950",423
"Killingworth","0900740710",2013,2016,"Percent","Housing Units Built Before 1950",15.3
"Killingworth","0900740710",2015,2017,"Number","Total Housing Units",2709
"Killingworth","0900740710",2015,2017,"Number","Housing Units Built Before 1950",456
"Killingworth","0900740710",2015,2017,"Percent","Housing Units Built Before 1950",16.8
"Lebanon","0901142390",2013,2016,"Number","Total Housing Units",3150
"Lebanon","0901142390",2013,2016,"Number","Housing Units Built Before 1950",543
"Lebanon","0901142390",2013,2016,"Percent","Housing Units Built Before 1950",17.2
"Lebanon","0901142390",2015,2017,"Number","Total Housing Units",3097
"Lebanon","0901142390",2015,2017,"Number","Housing Units Built Before 1950",563
"Lebanon","0901142390",2015,2017,"Percent","Housing Units Built Before 1950",18.2
"Ledyard","0901142600",2013,2016,"Number","Total Housing Units",6049
"Ledyard","0901142600",2013,2016,"Number","Housing Units Built Before 1950",434
"Ledyard","0901142600",2013,2016,"Percent","Housing Units Built Before 1950",7.2
"Ledyard","0901142600",2015,2017,"Number","Total Housing Units",6160
"Ledyard","0901142600",2015,2017,"Number","Housing Units Built Before 1950",341
"Ledyard","0901142600",2015,2017,"Percent","Housing Units Built Before 1950",5.5
"Lisbon","0901143230",2013,2016,"Number","Total Housing Units",1702
"Lisbon","0901143230",2013,2016,"Number","Housing Units Built Before 1950",176
"Lisbon","0901143230",2013,2016,"Percent","Housing Units Built Before 1950",10.3
"Lisbon","0901143230",2015,2017,"Number","Total Housing Units",1640
"Lisbon","0901143230",2015,2017,"Number","Housing Units Built Before 1950",203
"Lisbon","0901143230",2015,2017,"Percent","Housing Units Built Before 1950",12.4
"Litchfield","0900543370",2013,2016,"Number","Total Housing Units",4043
"Litchfield","0900543370",2013,2016,"Number","Housing Units Built Before 1950",1553
"Litchfield","0900543370",2013,2016,"Percent","Housing Units Built Before 1950",38.4
"Litchfield","0900543370",2015,2017,"Number","Total Housing Units",4151
"Litchfield","0900543370",2015,2017,"Number","Housing Units Built Before 1950",1459
"Litchfield","0900543370",2015,2017,"Percent","Housing Units Built Before 1950",35.1
"Litchfield County","09005",2013,2016,"Number","Total Housing Units",87338
"Litchfield County","09005",2013,2016,"Number","Housing Units Built Before 1950",27469
"Litchfield County","09005",2013,2016,"Percent","Housing Units Built Before 1950",31.5
"Litchfield County","09005",2015,2017,"Number","Total Housing Units",87447
"Litchfield County","09005",2015,2017,"Number","Housing Units Built Before 1950",27324
"Litchfield County","09005",2015,2017,"Percent","Housing Units Built Before 1950",31.2
"Lyme","0901144210",2013,2016,"Number","Total Housing Units",1201
"Lyme","0901144210",2013,2016,"Number","Housing Units Built Before 1950",468
"Lyme","0901144210",2013,2016,"Percent","Housing Units Built Before 1950",39
"Lyme","0901144210",2015,2017,"Number","Total Housing Units",1203
"Lyme","0901144210",2015,2017,"Number","Housing Units Built Before 1950",407
"Lyme","0901144210",2015,2017,"Percent","Housing Units Built Before 1950",33.8
"Madison","0900944560",2013,2016,"Number","Total Housing Units",7771
"Madison","0900944560",2013,2016,"Number","Housing Units Built Before 1950",1437
"Madison","0900944560",2013,2016,"Percent","Housing Units Built Before 1950",18.5
"Madison","0900944560",2015,2017,"Number","Total Housing Units",7968
"Madison","0900944560",2015,2017,"Number","Housing Units Built Before 1950",1248
"Madison","0900944560",2015,2017,"Percent","Housing Units Built Before 1950",15.7
"Manchester","0900344700",2013,2016,"Number","Total Housing Units",25163
"Manchester","0900344700",2013,2016,"Number","Housing Units Built Before 1950",8669
"Manchester","0900344700",2013,2016,"Percent","Housing Units Built Before 1950",34.5
"Manchester","0900344700",2015,2017,"Number","Total Housing Units",25456
"Manchester","0900344700",2015,2017,"Number","Housing Units Built Before 1950",8366
"Manchester","0900344700",2015,2017,"Percent","Housing Units Built Before 1950",32.9
"Mansfield","0901344910",2013,2016,"Number","Total Housing Units",6160
"Mansfield","0901344910",2013,2016,"Number","Housing Units Built Before 1950",1024
"Mansfield","0901344910",2013,2016,"Percent","Housing Units Built Before 1950",16.6
"Mansfield","0901344910",2015,2017,"Number","Total Housing Units",6119
"Mansfield","0901344910",2015,2017,"Number","Housing Units Built Before 1950",995
"Mansfield","0901344910",2015,2017,"Percent","Housing Units Built Before 1950",16.3
"Marlborough","0900345820",2013,2016,"Number","Total Housing Units",2277
"Marlborough","0900345820",2013,2016,"Number","Housing Units Built Before 1950",189
"Marlborough","0900345820",2013,2016,"Percent","Housing Units Built Before 1950",8.3
"Marlborough","0900345820",2015,2017,"Number","Total Housing Units",2289
"Marlborough","0900345820",2015,2017,"Number","Housing Units Built Before 1950",95
"Marlborough","0900345820",2015,2017,"Percent","Housing Units Built Before 1950",4.2
"Meriden","0900946520",2013,2016,"Number","Total Housing Units",27124
"Meriden","0900946520",2013,2016,"Number","Housing Units Built Before 1950",10461
"Meriden","0900946520",2013,2016,"Percent","Housing Units Built Before 1950",38.6
"Meriden","0900946520",2015,2017,"Number","Total Housing Units",28704
"Meriden","0900946520",2015,2017,"Number","Housing Units Built Before 1950",11550
"Meriden","0900946520",2015,2017,"Percent","Housing Units Built Before 1950",40.2
"Middlebury","0900946940",2013,2016,"Number","Total Housing Units",2901
"Middlebury","0900946940",2013,2016,"Number","Housing Units Built Before 1950",819
"Middlebury","0900946940",2013,2016,"Percent","Housing Units Built Before 1950",28.2
"Middlebury","0900946940",2015,2017,"Number","Total Housing Units",2870
"Middlebury","0900946940",2015,2017,"Number","Housing Units Built Before 1950",828
"Middlebury","0900946940",2015,2017,"Percent","Housing Units Built Before 1950",28.9
"Middlefield","0900747080",2013,2016,"Number","Total Housing Units",1777
"Middlefield","0900747080",2013,2016,"Number","Housing Units Built Before 1950",502
"Middlefield","0900747080",2013,2016,"Percent","Housing Units Built Before 1950",28.2
"Middlefield","0900747080",2015,2017,"Number","Total Housing Units",1822
"Middlefield","0900747080",2015,2017,"Number","Housing Units Built Before 1950",330
"Middlefield","0900747080",2015,2017,"Percent","Housing Units Built Before 1950",18.1
"Middlesex County","09007",2013,2016,"Number","Total Housing Units",74832
"Middlesex County","09007",2013,2016,"Number","Housing Units Built Before 1950",18835
"Middlesex County","09007",2013,2016,"Percent","Housing Units Built Before 1950",25.2
"Middlesex County","09007",2015,2017,"Number","Total Housing Units",75162
"Middlesex County","09007",2015,2017,"Number","Housing Units Built Before 1950",18886
"Middlesex County","09007",2015,2017,"Percent","Housing Units Built Before 1950",25.1
"Middletown","0900747360",2013,2016,"Number","Total Housing Units",21281
"Middletown","0900747360",2013,2016,"Number","Housing Units Built Before 1950",5419
"Middletown","0900747360",2013,2016,"Percent","Housing Units Built Before 1950",25.5
"Middletown","0900747360",2015,2017,"Number","Total Housing Units",21081
"Middletown","0900747360",2015,2017,"Number","Housing Units Built Before 1950",5343
"Middletown","0900747360",2015,2017,"Percent","Housing Units Built Before 1950",25.3
"Milford","0900947535",2013,2016,"Number","Total Housing Units",22583
"Milford","0900947535",2013,2016,"Number","Housing Units Built Before 1950",6515
"Milford","0900947535",2013,2016,"Percent","Housing Units Built Before 1950",28.8
"Milford","0900947535",2015,2017,"Number","Total Housing Units",23092
"Milford","0900947535",2015,2017,"Number","Housing Units Built Before 1950",6795
"Milford","0900947535",2015,2017,"Percent","Housing Units Built Before 1950",29.4
"Monroe","0900148620",2013,2016,"Number","Total Housing Units",6867
"Monroe","0900148620",2013,2016,"Number","Housing Units Built Before 1950",871
"Monroe","0900148620",2013,2016,"Percent","Housing Units Built Before 1950",12.7
"Monroe","0900148620",2015,2017,"Number","Total Housing Units",7047
"Monroe","0900148620",2015,2017,"Number","Housing Units Built Before 1950",832
"Monroe","0900148620",2015,2017,"Percent","Housing Units Built Before 1950",11.8
"Montville","0901148900",2013,2016,"Number","Total Housing Units",7495
"Montville","0901148900",2013,2016,"Number","Housing Units Built Before 1950",1081
"Montville","0901148900",2013,2016,"Percent","Housing Units Built Before 1950",14.4
"Montville","0901148900",2015,2017,"Number","Total Housing Units",7589
"Montville","0901148900",2015,2017,"Number","Housing Units Built Before 1950",1035
"Montville","0901148900",2015,2017,"Percent","Housing Units Built Before 1950",13.6
"Morris","0900549460",2013,2016,"Number","Total Housing Units",1266
"Morris","0900549460",2013,2016,"Number","Housing Units Built Before 1950",512
"Morris","0900549460",2013,2016,"Percent","Housing Units Built Before 1950",40.4
"Morris","0900549460",2015,2017,"Number","Total Housing Units",1292
"Morris","0900549460",2015,2017,"Number","Housing Units Built Before 1950",518
"Morris","0900549460",2015,2017,"Percent","Housing Units Built Before 1950",40.1
"Naugatuck","0900949950",2013,2016,"Number","Total Housing Units",13248
"Naugatuck","0900949950",2013,2016,"Number","Housing Units Built Before 1950",4246
"Naugatuck","0900949950",2013,2016,"Percent","Housing Units Built Before 1950",32.1
"Naugatuck","0900949950",2015,2017,"Number","Total Housing Units",12930
"Naugatuck","0900949950",2015,2017,"Number","Housing Units Built Before 1950",3614
"Naugatuck","0900949950",2015,2017,"Percent","Housing Units Built Before 1950",28
"New Britain","0900350440",2013,2016,"Number","Total Housing Units",31322
"New Britain","0900350440",2013,2016,"Number","Housing Units Built Before 1950",14209
"New Britain","0900350440",2013,2016,"Percent","Housing Units Built Before 1950",45.4
"New Britain","0900350440",2015,2017,"Number","Total Housing Units",31670
"New Britain","0900350440",2015,2017,"Number","Housing Units Built Before 1950",14198
"New Britain","0900350440",2015,2017,"Percent","Housing Units Built Before 1950",44.8
"New Canaan","0900150580",2013,2016,"Number","Total Housing Units",7260
"New Canaan","0900150580",2013,2016,"Number","Housing Units Built Before 1950",1576
"New Canaan","0900150580",2013,2016,"Percent","Housing Units Built Before 1950",21.7
"New Canaan","0900150580",2015,2017,"Number","Total Housing Units",7310
"New Canaan","0900150580",2015,2017,"Number","Housing Units Built Before 1950",1462
"New Canaan","0900150580",2015,2017,"Percent","Housing Units Built Before 1950",20
"New Fairfield","0900150860",2013,2016,"Number","Total Housing Units",5656
"New Fairfield","0900150860",2013,2016,"Number","Housing Units Built Before 1950",1031
"New Fairfield","0900150860",2013,2016,"Percent","Housing Units Built Before 1950",18.2
"New Fairfield","0900150860",2015,2017,"Number","Total Housing Units",5863
"New Fairfield","0900150860",2015,2017,"Number","Housing Units Built Before 1950",1046
"New Fairfield","0900150860",2015,2017,"Percent","Housing Units Built Before 1950",17.8
"New Hartford","0900551350",2013,2016,"Number","Total Housing Units",2914
"New Hartford","0900551350",2013,2016,"Number","Housing Units Built Before 1950",743
"New Hartford","0900551350",2013,2016,"Percent","Housing Units Built Before 1950",25.5
"New Hartford","0900551350",2015,2017,"Number","Total Housing Units",2906
"New Hartford","0900551350",2015,2017,"Number","Housing Units Built Before 1950",673
"New Hartford","0900551350",2015,2017,"Percent","Housing Units Built Before 1950",23.2
"New Haven","0900952070",2013,2016,"Number","Total Housing Units",57433
"New Haven","0900952070",2013,2016,"Number","Housing Units Built Before 1950",32356
"New Haven","0900952070",2013,2016,"Percent","Housing Units Built Before 1950",56.3
"New Haven","0900952070",2015,2017,"Number","Total Housing Units",56673
"New Haven","0900952070",2015,2017,"Number","Housing Units Built Before 1950",32143
"New Haven","0900952070",2015,2017,"Percent","Housing Units Built Before 1950",56.7
"New Haven County","09009",2013,2016,"Number","Total Housing Units",361726
"New Haven County","09009",2013,2016,"Number","Housing Units Built Before 1950",120852
"New Haven County","09009",2013,2016,"Percent","Housing Units Built Before 1950",33.4
"New Haven County","09009",2015,2017,"Number","Total Housing Units",362351
"New Haven County","09009",2015,2017,"Number","Housing Units Built Before 1950",120370
"New Haven County","09009",2015,2017,"Percent","Housing Units Built Before 1950",33.2
"Newington","0900352140",2013,2016,"Number","Total Housing Units",13041
"Newington","0900352140",2013,2016,"Number","Housing Units Built Before 1950",2164
"Newington","0900352140",2013,2016,"Percent","Housing Units Built Before 1950",16.6
"Newington","0900352140",2015,2017,"Number","Total Housing Units",12990
"Newington","0900352140",2015,2017,"Number","Housing Units Built Before 1950",2116
"Newington","0900352140",2015,2017,"Percent","Housing Units Built Before 1950",16.3
"New London","0901152350",2013,2016,"Number","Total Housing Units",11591
"New London","0901152350",2013,2016,"Number","Housing Units Built Before 1950",6674
"New London","0901152350",2013,2016,"Percent","Housing Units Built Before 1950",57.6
"New London","0901152350",2015,2017,"Number","Total Housing Units",12254
"New London","0901152350",2015,2017,"Number","Housing Units Built Before 1950",7043
"New London","0901152350",2015,2017,"Percent","Housing Units Built Before 1950",57.5
"New London County","09011",2013,2016,"Number","Total Housing Units",120900
"New London County","09011",2013,2016,"Number","Housing Units Built Before 1950",35887
"New London County","09011",2013,2016,"Percent","Housing Units Built Before 1950",29.7
"New London County","09011",2015,2017,"Number","Total Housing Units",121258
"New London County","09011",2015,2017,"Number","Housing Units Built Before 1950",35197
"New London County","09011",2015,2017,"Percent","Housing Units Built Before 1950",29
"New Milford","0900552630",2013,2016,"Number","Total Housing Units",11758
"New Milford","0900552630",2013,2016,"Number","Housing Units Built Before 1950",2117
"New Milford","0900552630",2013,2016,"Percent","Housing Units Built Before 1950",18
"New Milford","0900552630",2015,2017,"Number","Total Housing Units",11592
"New Milford","0900552630",2015,2017,"Number","Housing Units Built Before 1950",1990
"New Milford","0900552630",2015,2017,"Percent","Housing Units Built Before 1950",17.2
"Newtown","0900152980",2013,2016,"Number","Total Housing Units",10098
"Newtown","0900152980",2013,2016,"Number","Housing Units Built Before 1950",1646
"Newtown","0900152980",2013,2016,"Percent","Housing Units Built Before 1950",16.3
"Newtown","0900152980",2015,2017,"Number","Total Housing Units",10167
"Newtown","0900152980",2015,2017,"Number","Housing Units Built Before 1950",1616
"Newtown","0900152980",2015,2017,"Percent","Housing Units Built Before 1950",15.9
"Norfolk","0900553470",2013,2016,"Number","Total Housing Units",871
"Norfolk","0900553470",2013,2016,"Number","Housing Units Built Before 1950",461
"Norfolk","0900553470",2013,2016,"Percent","Housing Units Built Before 1950",52.9
"Norfolk","0900553470",2015,2017,"Number","Total Housing Units",940
"Norfolk","0900553470",2015,2017,"Number","Housing Units Built Before 1950",464
"Norfolk","0900553470",2015,2017,"Percent","Housing Units Built Before 1950",49.4
"North Branford","0900953890",2013,2016,"Number","Total Housing Units",5632
"North Branford","0900953890",2013,2016,"Number","Housing Units Built Before 1950",530
"North Branford","0900953890",2013,2016,"Percent","Housing Units Built Before 1950",9.4
"North Branford","0900953890",2015,2017,"Number","Total Housing Units",5629
"North Branford","0900953890",2015,2017,"Number","Housing Units Built Before 1950",474
"North Branford","0900953890",2015,2017,"Percent","Housing Units Built Before 1950",8.4
"North Canaan","0900554030",2013,2016,"Number","Total Housing Units",1556
"North Canaan","0900554030",2013,2016,"Number","Housing Units Built Before 1950",810
"North Canaan","0900554030",2013,2016,"Percent","Housing Units Built Before 1950",52.1
"North Canaan","0900554030",2015,2017,"Number","Total Housing Units",1558
"North Canaan","0900554030",2015,2017,"Number","Housing Units Built Before 1950",739
"North Canaan","0900554030",2015,2017,"Percent","Housing Units Built Before 1950",47.4
"North Haven","0900954870",2013,2016,"Number","Total Housing Units",9326
"North Haven","0900954870",2013,2016,"Number","Housing Units Built Before 1950",2124
"North Haven","0900954870",2013,2016,"Percent","Housing Units Built Before 1950",22.8
"North Haven","0900954870",2015,2017,"Number","Total Housing Units",9015
"North Haven","0900954870",2015,2017,"Number","Housing Units Built Before 1950",2043
"North Haven","0900954870",2015,2017,"Percent","Housing Units Built Before 1950",22.7
"North Stonington","0901155500",2013,2016,"Number","Total Housing Units",2259
"North Stonington","0901155500",2013,2016,"Number","Housing Units Built Before 1950",467
"North Stonington","0901155500",2013,2016,"Percent","Housing Units Built Before 1950",20.7
"North Stonington","0901155500",2015,2017,"Number","Total Housing Units",2222
"North Stonington","0901155500",2015,2017,"Number","Housing Units Built Before 1950",494
"North Stonington","0901155500",2015,2017,"Percent","Housing Units Built Before 1950",22.2
"Norwalk","0900156060",2013,2016,"Number","Total Housing Units",38166
"Norwalk","0900156060",2013,2016,"Number","Housing Units Built Before 1950",11891
"Norwalk","0900156060",2013,2016,"Percent","Housing Units Built Before 1950",31.2
"Norwalk","0900156060",2015,2017,"Number","Total Housing Units",35800
"Norwalk","0900156060",2015,2017,"Number","Housing Units Built Before 1950",11166
"Norwalk","0900156060",2015,2017,"Percent","Housing Units Built Before 1950",31.2
"Norwich","0901156270",2013,2016,"Number","Total Housing Units",18654
"Norwich","0901156270",2013,2016,"Number","Housing Units Built Before 1950",8611
"Norwich","0901156270",2013,2016,"Percent","Housing Units Built Before 1950",46.2
"Norwich","0901156270",2015,2017,"Number","Total Housing Units",18310
"Norwich","0901156270",2015,2017,"Number","Housing Units Built Before 1950",8109
"Norwich","0901156270",2015,2017,"Percent","Housing Units Built Before 1950",44.3
"Old Lyme","0901157040",2013,2016,"Number","Total Housing Units",4898
"Old Lyme","0901157040",2013,2016,"Number","Housing Units Built Before 1950",1691
"Old Lyme","0901157040",2013,2016,"Percent","Housing Units Built Before 1950",34.5
"Old Lyme","0901157040",2015,2017,"Number","Total Housing Units",4953
"Old Lyme","0901157040",2015,2017,"Number","Housing Units Built Before 1950",1831
"Old Lyme","0901157040",2015,2017,"Percent","Housing Units Built Before 1950",37
"Old Saybrook","0900757320",2013,2016,"Number","Total Housing Units",5685
"Old Saybrook","0900757320",2013,2016,"Number","Housing Units Built Before 1950",1299
"Old Saybrook","0900757320",2013,2016,"Percent","Housing Units Built Before 1950",22.8
"Old Saybrook","0900757320",2015,2017,"Number","Total Housing Units",5723
"Old Saybrook","0900757320",2015,2017,"Number","Housing Units Built Before 1950",1187
"Old Saybrook","0900757320",2015,2017,"Percent","Housing Units Built Before 1950",20.7
"Orange","0900957600",2013,2016,"Number","Total Housing Units",5132
"Orange","0900957600",2013,2016,"Number","Housing Units Built Before 1950",795
"Orange","0900957600",2013,2016,"Percent","Housing Units Built Before 1950",15.5
"Orange","0900957600",2015,2017,"Number","Total Housing Units",5031
"Orange","0900957600",2015,2017,"Number","Housing Units Built Before 1950",709
"Orange","0900957600",2015,2017,"Percent","Housing Units Built Before 1950",14.1
"Oxford","0900958300",2013,2016,"Number","Total Housing Units",4639
"Oxford","0900958300",2013,2016,"Number","Housing Units Built Before 1950",748
"Oxford","0900958300",2013,2016,"Percent","Housing Units Built Before 1950",16.1
"Oxford","0900958300",2015,2017,"Number","Total Housing Units",4690
"Oxford","0900958300",2015,2017,"Number","Housing Units Built Before 1950",844
"Oxford","0900958300",2015,2017,"Percent","Housing Units Built Before 1950",18
"Plainfield","0901559980",2013,2016,"Number","Total Housing Units",6464
"Plainfield","0901559980",2013,2016,"Number","Housing Units Built Before 1950",2322
"Plainfield","0901559980",2013,2016,"Percent","Housing Units Built Before 1950",35.9
"Plainfield","0901559980",2015,2017,"Number","Total Housing Units",6468
"Plainfield","0901559980",2015,2017,"Number","Housing Units Built Before 1950",2352
"Plainfield","0901559980",2015,2017,"Percent","Housing Units Built Before 1950",36.4
"Plainville","0900360120",2013,2016,"Number","Total Housing Units",8021
"Plainville","0900360120",2013,2016,"Number","Housing Units Built Before 1950",2301
"Plainville","0900360120",2013,2016,"Percent","Housing Units Built Before 1950",28.7
"Plainville","0900360120",2015,2017,"Number","Total Housing Units",8035
"Plainville","0900360120",2015,2017,"Number","Housing Units Built Before 1950",2236
"Plainville","0900360120",2015,2017,"Percent","Housing Units Built Before 1950",27.8
"Plymouth","0900560750",2013,2016,"Number","Total Housing Units",5083
"Plymouth","0900560750",2013,2016,"Number","Housing Units Built Before 1950",1607
"Plymouth","0900560750",2013,2016,"Percent","Housing Units Built Before 1950",31.6
"Plymouth","0900560750",2015,2017,"Number","Total Housing Units",5127
"Plymouth","0900560750",2015,2017,"Number","Housing Units Built Before 1950",1455
"Plymouth","0900560750",2015,2017,"Percent","Housing Units Built Before 1950",28.4
"Pomfret","0901561030",2013,2016,"Number","Total Housing Units",1604
"Pomfret","0901561030",2013,2016,"Number","Housing Units Built Before 1950",486
"Pomfret","0901561030",2013,2016,"Percent","Housing Units Built Before 1950",30.3
"Pomfret","0901561030",2015,2017,"Number","Total Housing Units",1575
"Pomfret","0901561030",2015,2017,"Number","Housing Units Built Before 1950",371
"Pomfret","0901561030",2015,2017,"Percent","Housing Units Built Before 1950",23.6
"Portland","0900761800",2013,2016,"Number","Total Housing Units",4219
"Portland","0900761800",2013,2016,"Number","Housing Units Built Before 1950",1262
"Portland","0900761800",2013,2016,"Percent","Housing Units Built Before 1950",29.9
"Portland","0900761800",2015,2017,"Number","Total Housing Units",4308
"Portland","0900761800",2015,2017,"Number","Housing Units Built Before 1950",1407
"Portland","0900761800",2015,2017,"Percent","Housing Units Built Before 1950",32.7
"Preston","0901162150",2013,2016,"Number","Total Housing Units",1952
"Preston","0901162150",2013,2016,"Number","Housing Units Built Before 1950",423
"Preston","0901162150",2013,2016,"Percent","Housing Units Built Before 1950",21.7
"Preston","0901162150",2015,2017,"Number","Total Housing Units",2042
"Preston","0901162150",2015,2017,"Number","Housing Units Built Before 1950",308
"Preston","0901162150",2015,2017,"Percent","Housing Units Built Before 1950",15.1
"Prospect","0900962290",2013,2016,"Number","Total Housing Units",3299
"Prospect","0900962290",2013,2016,"Number","Housing Units Built Before 1950",460
"Prospect","0900962290",2013,2016,"Percent","Housing Units Built Before 1950",13.9
"Prospect","0900962290",2015,2017,"Number","Total Housing Units",3311
"Prospect","0900962290",2015,2017,"Number","Housing Units Built Before 1950",472
"Prospect","0900962290",2015,2017,"Percent","Housing Units Built Before 1950",14.3
"Putnam","0901562710",2013,2016,"Number","Total Housing Units",4377
"Putnam","0901562710",2013,2016,"Number","Housing Units Built Before 1950",1826
"Putnam","0901562710",2013,2016,"Percent","Housing Units Built Before 1950",41.7
"Putnam","0901562710",2015,2017,"Number","Total Housing Units",4225
"Putnam","0901562710",2015,2017,"Number","Housing Units Built Before 1950",2062
"Putnam","0901562710",2015,2017,"Percent","Housing Units Built Before 1950",48.8
"Redding","0900163480",2013,2016,"Number","Total Housing Units",3862
"Redding","0900163480",2013,2016,"Number","Housing Units Built Before 1950",805
"Redding","0900163480",2013,2016,"Percent","Housing Units Built Before 1950",20.8
"Redding","0900163480",2015,2017,"Number","Total Housing Units",3963
"Redding","0900163480",2015,2017,"Number","Housing Units Built Before 1950",932
"Redding","0900163480",2015,2017,"Percent","Housing Units Built Before 1950",23.5
"Ridgefield","0900163970",2013,2016,"Number","Total Housing Units",9100
"Ridgefield","0900163970",2013,2016,"Number","Housing Units Built Before 1950",1477
"Ridgefield","0900163970",2013,2016,"Percent","Housing Units Built Before 1950",16.2
"Ridgefield","0900163970",2015,2017,"Number","Total Housing Units",9460
"Ridgefield","0900163970",2015,2017,"Number","Housing Units Built Before 1950",1281
"Ridgefield","0900163970",2015,2017,"Percent","Housing Units Built Before 1950",13.5
"Rocky Hill","0900365370",2013,2016,"Number","Total Housing Units",8539
"Rocky Hill","0900365370",2013,2016,"Number","Housing Units Built Before 1950",872
"Rocky Hill","0900365370",2013,2016,"Percent","Housing Units Built Before 1950",10.2
"Rocky Hill","0900365370",2015,2017,"Number","Total Housing Units",8408
"Rocky Hill","0900365370",2015,2017,"Number","Housing Units Built Before 1950",972
"Rocky Hill","0900365370",2015,2017,"Percent","Housing Units Built Before 1950",11.6
"Roxbury","0900565930",2013,2016,"Number","Total Housing Units",1181
"Roxbury","0900565930",2013,2016,"Number","Housing Units Built Before 1950",270
"Roxbury","0900565930",2013,2016,"Percent","Housing Units Built Before 1950",22.9
"Roxbury","0900565930",2015,2017,"Number","Total Housing Units",1209
"Roxbury","0900565930",2015,2017,"Number","Housing Units Built Before 1950",330
"Roxbury","0900565930",2015,2017,"Percent","Housing Units Built Before 1950",27.3
"Salem","0901166210",2013,2016,"Number","Total Housing Units",1740
"Salem","0901166210",2013,2016,"Number","Housing Units Built Before 1950",152
"Salem","0901166210",2013,2016,"Percent","Housing Units Built Before 1950",8.7
"Salem","0901166210",2015,2017,"Number","Total Housing Units",1672
"Salem","0901166210",2015,2017,"Number","Housing Units Built Before 1950",155
"Salem","0901166210",2015,2017,"Percent","Housing Units Built Before 1950",9.3
"Salisbury","0900566420",2013,2016,"Number","Total Housing Units",2446
"Salisbury","0900566420",2013,2016,"Number","Housing Units Built Before 1950",1319
"Salisbury","0900566420",2013,2016,"Percent","Housing Units Built Before 1950",53.9
"Salisbury","0900566420",2015,2017,"Number","Total Housing Units",2439
"Salisbury","0900566420",2015,2017,"Number","Housing Units Built Before 1950",1186
"Salisbury","0900566420",2015,2017,"Percent","Housing Units Built Before 1950",48.6
"Scotland","0901567400",2013,2016,"Number","Total Housing Units",647
"Scotland","0901567400",2013,2016,"Number","Housing Units Built Before 1950",145
"Scotland","0901567400",2013,2016,"Percent","Housing Units Built Before 1950",22.4
"Scotland","0901567400",2015,2017,"Number","Total Housing Units",646
"Scotland","0901567400",2015,2017,"Number","Housing Units Built Before 1950",157
"Scotland","0901567400",2015,2017,"Percent","Housing Units Built Before 1950",24.3
"Seymour","0900967610",2013,2016,"Number","Total Housing Units",6641
"Seymour","0900967610",2013,2016,"Number","Housing Units Built Before 1950",1815
"Seymour","0900967610",2013,2016,"Percent","Housing Units Built Before 1950",27.3
"Seymour","0900967610",2015,2017,"Number","Total Housing Units",6649
"Seymour","0900967610",2015,2017,"Number","Housing Units Built Before 1950",2036
"Seymour","0900967610",2015,2017,"Percent","Housing Units Built Before 1950",30.6
"Sharon","0900567960",2013,2016,"Number","Total Housing Units",1768
"Sharon","0900567960",2013,2016,"Number","Housing Units Built Before 1950",865
"Sharon","0900567960",2013,2016,"Percent","Housing Units Built Before 1950",48.9
"Sharon","0900567960",2015,2017,"Number","Total Housing Units",1943
"Sharon","0900567960",2015,2017,"Number","Housing Units Built Before 1950",979
"Sharon","0900567960",2015,2017,"Percent","Housing Units Built Before 1950",50.4
"Shelton","0900168170",2013,2016,"Number","Total Housing Units",15995
"Shelton","0900168170",2013,2016,"Number","Housing Units Built Before 1950",2853
"Shelton","0900168170",2013,2016,"Percent","Housing Units Built Before 1950",17.8
"Shelton","0900168170",2015,2017,"Number","Total Housing Units",16471
"Shelton","0900168170",2015,2017,"Number","Housing Units Built Before 1950",2555
"Shelton","0900168170",2015,2017,"Percent","Housing Units Built Before 1950",15.5
"Sherman","0900168310",2013,2016,"Number","Total Housing Units",1781
"Sherman","0900168310",2013,2016,"Number","Housing Units Built Before 1950",390
"Sherman","0900168310",2013,2016,"Percent","Housing Units Built Before 1950",21.9
"Sherman","0900168310",2015,2017,"Number","Total Housing Units",1792
"Sherman","0900168310",2015,2017,"Number","Housing Units Built Before 1950",402
"Sherman","0900168310",2015,2017,"Percent","Housing Units Built Before 1950",22.4
"Simsbury","0900368940",2013,2016,"Number","Total Housing Units",9115
"Simsbury","0900368940",2013,2016,"Number","Housing Units Built Before 1950",1246
"Simsbury","0900368940",2013,2016,"Percent","Housing Units Built Before 1950",13.7
"Simsbury","0900368940",2015,2017,"Number","Total Housing Units",9248
"Simsbury","0900368940",2015,2017,"Number","Housing Units Built Before 1950",1205
"Simsbury","0900368940",2015,2017,"Percent","Housing Units Built Before 1950",13
"Somers","0901369220",2013,2016,"Number","Total Housing Units",3506
"Somers","0901369220",2013,2016,"Number","Housing Units Built Before 1950",686
"Somers","0901369220",2013,2016,"Percent","Housing Units Built Before 1950",19.6
"Somers","0901369220",2015,2017,"Number","Total Housing Units",3597
"Somers","0901369220",2015,2017,"Number","Housing Units Built Before 1950",689
"Somers","0901369220",2015,2017,"Percent","Housing Units Built Before 1950",19.2
"Southbury","0900969640",2013,2016,"Number","Total Housing Units",8734
"Southbury","0900969640",2013,2016,"Number","Housing Units Built Before 1950",1301
"Southbury","0900969640",2013,2016,"Percent","Housing Units Built Before 1950",14.9
"Southbury","0900969640",2015,2017,"Number","Total Housing Units",8435
"Southbury","0900969640",2015,2017,"Number","Housing Units Built Before 1950",977
"Southbury","0900969640",2015,2017,"Percent","Housing Units Built Before 1950",11.6
"Southington","0900370550",2013,2016,"Number","Total Housing Units",17725
"Southington","0900370550",2013,2016,"Number","Housing Units Built Before 1950",2759
"Southington","0900370550",2013,2016,"Percent","Housing Units Built Before 1950",15.6
"Southington","0900370550",2015,2017,"Number","Total Housing Units",18037
"Southington","0900370550",2015,2017,"Number","Housing Units Built Before 1950",2673
"Southington","0900370550",2015,2017,"Percent","Housing Units Built Before 1950",14.8
"South Windsor","0900371390",2013,2016,"Number","Total Housing Units",9729
"South Windsor","0900371390",2013,2016,"Number","Housing Units Built Before 1950",856
"South Windsor","0900371390",2013,2016,"Percent","Housing Units Built Before 1950",8.8
"South Windsor","0900371390",2015,2017,"Number","Total Housing Units",10143
"South Windsor","0900371390",2015,2017,"Number","Housing Units Built Before 1950",1012
"South Windsor","0900371390",2015,2017,"Percent","Housing Units Built Before 1950",10
"Sprague","0901171670",2013,2016,"Number","Total Housing Units",1366
"Sprague","0901171670",2013,2016,"Number","Housing Units Built Before 1950",698
"Sprague","0901171670",2013,2016,"Percent","Housing Units Built Before 1950",51.1
"Sprague","0901171670",2015,2017,"Number","Total Housing Units",1294
"Sprague","0901171670",2015,2017,"Number","Housing Units Built Before 1950",606
"Sprague","0901171670",2015,2017,"Percent","Housing Units Built Before 1950",46.8
"Stafford","0901372090",2013,2016,"Number","Total Housing Units",5200
"Stafford","0901372090",2013,2016,"Number","Housing Units Built Before 1950",2180
"Stafford","0901372090",2013,2016,"Percent","Housing Units Built Before 1950",41.9
"Stafford","0901372090",2015,2017,"Number","Total Housing Units",5428
"Stafford","0901372090",2015,2017,"Number","Housing Units Built Before 1950",2072
"Stafford","0901372090",2015,2017,"Percent","Housing Units Built Before 1950",38.2
"Stamford","0900173070",2013,2016,"Number","Total Housing Units",49339
"Stamford","0900173070",2013,2016,"Number","Housing Units Built Before 1950",11205
"Stamford","0900173070",2013,2016,"Percent","Housing Units Built Before 1950",22.7
"Stamford","0900173070",2015,2017,"Number","Total Housing Units",51165
"Stamford","0900173070",2015,2017,"Number","Housing Units Built Before 1950",10488
"Stamford","0900173070",2015,2017,"Percent","Housing Units Built Before 1950",20.5
"Sterling","0901573420",2013,2016,"Number","Total Housing Units",1302
"Sterling","0901573420",2013,2016,"Number","Housing Units Built Before 1950",257
"Sterling","0901573420",2013,2016,"Percent","Housing Units Built Before 1950",19.7
"Sterling","0901573420",2015,2017,"Number","Total Housing Units",1274
"Sterling","0901573420",2015,2017,"Number","Housing Units Built Before 1950",265
"Sterling","0901573420",2015,2017,"Percent","Housing Units Built Before 1950",20.8
"Stonington","0901173770",2013,2016,"Number","Total Housing Units",9231
"Stonington","0901173770",2013,2016,"Number","Housing Units Built Before 1950",3468
"Stonington","0901173770",2013,2016,"Percent","Housing Units Built Before 1950",37.6
"Stonington","0901173770",2015,2017,"Number","Total Housing Units",9281
"Stonington","0901173770",2015,2017,"Number","Housing Units Built Before 1950",3327
"Stonington","0901173770",2015,2017,"Percent","Housing Units Built Before 1950",35.8
"Stratford","0900174190",2013,2016,"Number","Total Housing Units",21657
"Stratford","0900174190",2013,2016,"Number","Housing Units Built Before 1950",7785
"Stratford","0900174190",2013,2016,"Percent","Housing Units Built Before 1950",35.9
"Stratford","0900174190",2015,2017,"Number","Total Housing Units",22264
"Stratford","0900174190",2015,2017,"Number","Housing Units Built Before 1950",7325
"Stratford","0900174190",2015,2017,"Percent","Housing Units Built Before 1950",32.9
"Suffield","0900374540",2013,2016,"Number","Total Housing Units",5064
"Suffield","0900374540",2013,2016,"Number","Housing Units Built Before 1950",785
"Suffield","0900374540",2013,2016,"Percent","Housing Units Built Before 1950",15.5
"Suffield","0900374540",2015,2017,"Number","Total Housing Units",4977
"Suffield","0900374540",2015,2017,"Number","Housing Units Built Before 1950",858
"Suffield","0900374540",2015,2017,"Percent","Housing Units Built Before 1950",17.2
"Thomaston","0900575730",2013,2016,"Number","Total Housing Units",3202
"Thomaston","0900575730",2013,2016,"Number","Housing Units Built Before 1950",877
"Thomaston","0900575730",2013,2016,"Percent","Housing Units Built Before 1950",27.4
"Thomaston","0900575730",2015,2017,"Number","Total Housing Units",3104
"Thomaston","0900575730",2015,2017,"Number","Housing Units Built Before 1950",905
"Thomaston","0900575730",2015,2017,"Percent","Housing Units Built Before 1950",29.2
"Thompson","0901575870",2013,2016,"Number","Total Housing Units",4027
"Thompson","0901575870",2013,2016,"Number","Housing Units Built Before 1950",1173
"Thompson","0901575870",2013,2016,"Percent","Housing Units Built Before 1950",29.1
"Thompson","0901575870",2015,2017,"Number","Total Housing Units",4132
"Thompson","0901575870",2015,2017,"Number","Housing Units Built Before 1950",1323
"Thompson","0901575870",2015,2017,"Percent","Housing Units Built Before 1950",32
"Tolland","0901376290",2013,2016,"Number","Total Housing Units",5456
"Tolland","0901376290",2013,2016,"Number","Housing Units Built Before 1950",405
"Tolland","0901376290",2013,2016,"Percent","Housing Units Built Before 1950",7.4
"Tolland","0901376290",2015,2017,"Number","Total Housing Units",5439
"Tolland","0901376290",2015,2017,"Number","Housing Units Built Before 1950",385
"Tolland","0901376290",2015,2017,"Percent","Housing Units Built Before 1950",7.1
"Tolland County","09013",2013,2016,"Number","Total Housing Units",58067
"Tolland County","09013",2013,2016,"Number","Housing Units Built Before 1950",11517
"Tolland County","09013",2013,2016,"Percent","Housing Units Built Before 1950",19.8
"Tolland County","09013",2015,2017,"Number","Total Housing Units",58383
"Tolland County","09013",2015,2017,"Number","Housing Units Built Before 1950",10474
"Tolland County","09013",2015,2017,"Percent","Housing Units Built Before 1950",17.9
"Torrington","0900576570",2013,2016,"Number","Total Housing Units",17047
"Torrington","0900576570",2013,2016,"Number","Housing Units Built Before 1950",6023
"Torrington","0900576570",2013,2016,"Percent","Housing Units Built Before 1950",35.3
"Torrington","0900576570",2015,2017,"Number","Total Housing Units",17195
"Torrington","0900576570",2015,2017,"Number","Housing Units Built Before 1950",6418
"Torrington","0900576570",2015,2017,"Percent","Housing Units Built Before 1950",37.3
"Trumbull","0900177200",2013,2016,"Number","Total Housing Units",12417
"Trumbull","0900177200",2013,2016,"Number","Housing Units Built Before 1950",2035
"Trumbull","0900177200",2013,2016,"Percent","Housing Units Built Before 1950",16.4
"Trumbull","0900177200",2015,2017,"Number","Total Housing Units",12542
"Trumbull","0900177200",2015,2017,"Number","Housing Units Built Before 1950",2285
"Trumbull","0900177200",2015,2017,"Percent","Housing Units Built Before 1950",18.2
"Union","0901377830",2013,2016,"Number","Total Housing Units",422
"Union","0901377830",2013,2016,"Number","Housing Units Built Before 1950",113
"Union","0901377830",2013,2016,"Percent","Housing Units Built Before 1950",26.8
"Union","0901377830",2015,2017,"Number","Total Housing Units",370
"Union","0901377830",2015,2017,"Number","Housing Units Built Before 1950",62
"Union","0901377830",2015,2017,"Percent","Housing Units Built Before 1950",16.8
"Vernon","0901378250",2013,2016,"Number","Total Housing Units",14111
"Vernon","0901378250",2013,2016,"Number","Housing Units Built Before 1950",2780
"Vernon","0901378250",2013,2016,"Percent","Housing Units Built Before 1950",19.7
"Vernon","0901378250",2015,2017,"Number","Total Housing Units",14124
"Vernon","0901378250",2015,2017,"Number","Housing Units Built Before 1950",2347
"Vernon","0901378250",2015,2017,"Percent","Housing Units Built Before 1950",16.6
"Voluntown","0901178600",2013,2016,"Number","Total Housing Units",1115
"Voluntown","0901178600",2013,2016,"Number","Housing Units Built Before 1950",254
"Voluntown","0901178600",2013,2016,"Percent","Housing Units Built Before 1950",22.8
"Voluntown","0901178600",2015,2017,"Number","Total Housing Units",1077
"Voluntown","0901178600",2015,2017,"Number","Housing Units Built Before 1950",171
"Voluntown","0901178600",2015,2017,"Percent","Housing Units Built Before 1950",15.9
"Wallingford","0900978740",2013,2016,"Number","Total Housing Units",18292
"Wallingford","0900978740",2013,2016,"Number","Housing Units Built Before 1950",4416
"Wallingford","0900978740",2013,2016,"Percent","Housing Units Built Before 1950",24.1
"Wallingford","0900978740",2015,2017,"Number","Total Housing Units",19280
"Wallingford","0900978740",2015,2017,"Number","Housing Units Built Before 1950",4666
"Wallingford","0900978740",2015,2017,"Percent","Housing Units Built Before 1950",24.2
"Warren","0900579510",2013,2016,"Number","Total Housing Units",803
"Warren","0900579510",2013,2016,"Number","Housing Units Built Before 1950",231
"Warren","0900579510",2013,2016,"Percent","Housing Units Built Before 1950",28.8
"Warren","0900579510",2015,2017,"Number","Total Housing Units",826
"Warren","0900579510",2015,2017,"Number","Housing Units Built Before 1950",281
"Warren","0900579510",2015,2017,"Percent","Housing Units Built Before 1950",34
"Washington","0900579720",2013,2016,"Number","Total Housing Units",2031
"Washington","0900579720",2013,2016,"Number","Housing Units Built Before 1950",932
"Washington","0900579720",2013,2016,"Percent","Housing Units Built Before 1950",45.9
"Washington","0900579720",2015,2017,"Number","Total Housing Units",2200
"Washington","0900579720",2015,2017,"Number","Housing Units Built Before 1950",943
"Washington","0900579720",2015,2017,"Percent","Housing Units Built Before 1950",42.9
"Waterbury","0900980070",2013,2016,"Number","Total Housing Units",47967
"Waterbury","0900980070",2013,2016,"Number","Housing Units Built Before 1950",18810
"Waterbury","0900980070",2013,2016,"Percent","Housing Units Built Before 1950",39.2
"Waterbury","0900980070",2015,2017,"Number","Total Housing Units",47356
"Waterbury","0900980070",2015,2017,"Number","Housing Units Built Before 1950",18351
"Waterbury","0900980070",2015,2017,"Percent","Housing Units Built Before 1950",38.8
"Waterford","0901180280",2013,2016,"Number","Total Housing Units",8994
"Waterford","0901180280",2013,2016,"Number","Housing Units Built Before 1950",2307
"Waterford","0901180280",2013,2016,"Percent","Housing Units Built Before 1950",25.7
"Waterford","0901180280",2015,2017,"Number","Total Housing Units",8728
"Waterford","0901180280",2015,2017,"Number","Housing Units Built Before 1950",2284
"Waterford","0901180280",2015,2017,"Percent","Housing Units Built Before 1950",26.2
"Watertown","0900580490",2013,2016,"Number","Total Housing Units",9267
"Watertown","0900580490",2013,2016,"Number","Housing Units Built Before 1950",2580
"Watertown","0900580490",2013,2016,"Percent","Housing Units Built Before 1950",27.8
"Watertown","0900580490",2015,2017,"Number","Total Housing Units",8835
"Watertown","0900580490",2015,2017,"Number","Housing Units Built Before 1950",2312
"Watertown","0900580490",2015,2017,"Percent","Housing Units Built Before 1950",26.2
"Westbrook","0900781680",2013,2016,"Number","Total Housing Units",3621
"Westbrook","0900781680",2013,2016,"Number","Housing Units Built Before 1950",1265
"Westbrook","0900781680",2013,2016,"Percent","Housing Units Built Before 1950",34.9
"Westbrook","0900781680",2015,2017,"Number","Total Housing Units",3641
"Westbrook","0900781680",2015,2017,"Number","Housing Units Built Before 1950",1247
"Westbrook","0900781680",2015,2017,"Percent","Housing Units Built Before 1950",34.2
"West Hartford","0900382590",2013,2016,"Number","Total Housing Units",26094
"West Hartford","0900382590",2013,2016,"Number","Housing Units Built Before 1950",10717
"West Hartford","0900382590",2013,2016,"Percent","Housing Units Built Before 1950",41.1
"West Hartford","0900382590",2015,2017,"Number","Total Housing Units",26262
"West Hartford","0900382590",2015,2017,"Number","Housing Units Built Before 1950",10616
"West Hartford","0900382590",2015,2017,"Percent","Housing Units Built Before 1950",40.4
"West Haven","0900982870",2013,2016,"Number","Total Housing Units",22645
"West Haven","0900982870",2013,2016,"Number","Housing Units Built Before 1950",8018
"West Haven","0900982870",2013,2016,"Percent","Housing Units Built Before 1950",35.4
"West Haven","0900982870",2015,2017,"Number","Total Housing Units",22290
"West Haven","0900982870",2015,2017,"Number","Housing Units Built Before 1950",8122
"West Haven","0900982870",2015,2017,"Percent","Housing Units Built Before 1950",36.4
"Weston","0900183430",2013,2016,"Number","Total Housing Units",3517
"Weston","0900183430",2013,2016,"Number","Housing Units Built Before 1950",740
"Weston","0900183430",2013,2016,"Percent","Housing Units Built Before 1950",21
"Weston","0900183430",2015,2017,"Number","Total Housing Units",3801
"Weston","0900183430",2015,2017,"Number","Housing Units Built Before 1950",819
"Weston","0900183430",2015,2017,"Percent","Housing Units Built Before 1950",21.5
"Westport","0900183500",2013,2016,"Number","Total Housing Units",10322
"Westport","0900183500",2013,2016,"Number","Housing Units Built Before 1950",2506
"Westport","0900183500",2013,2016,"Percent","Housing Units Built Before 1950",24.3
"Westport","0900183500",2015,2017,"Number","Total Housing Units",10611
"Westport","0900183500",2015,2017,"Number","Housing Units Built Before 1950",2606
"Westport","0900183500",2015,2017,"Percent","Housing Units Built Before 1950",24.6
"Wethersfield","0900384900",2013,2016,"Number","Total Housing Units",11240
"Wethersfield","0900384900",2013,2016,"Number","Housing Units Built Before 1950",2979
"Wethersfield","0900384900",2013,2016,"Percent","Housing Units Built Before 1950",26.5
"Wethersfield","0900384900",2015,2017,"Number","Total Housing Units",11274
"Wethersfield","0900384900",2015,2017,"Number","Housing Units Built Before 1950",3018
"Wethersfield","0900384900",2015,2017,"Percent","Housing Units Built Before 1950",26.8
"Willington","0901385950",2013,2016,"Number","Total Housing Units",2568
"Willington","0901385950",2013,2016,"Number","Housing Units Built Before 1950",309
"Willington","0901385950",2013,2016,"Percent","Housing Units Built Before 1950",12
"Willington","0901385950",2015,2017,"Number","Total Housing Units",2526
"Willington","0901385950",2015,2017,"Number","Housing Units Built Before 1950",325
"Willington","0901385950",2015,2017,"Percent","Housing Units Built Before 1950",12.9
"Wilton","0900186370",2013,2016,"Number","Total Housing Units",6288
"Wilton","0900186370",2013,2016,"Number","Housing Units Built Before 1950",907
"Wilton","0900186370",2013,2016,"Percent","Housing Units Built Before 1950",14.4
"Wilton","0900186370",2015,2017,"Number","Total Housing Units",6350
"Wilton","0900186370",2015,2017,"Number","Housing Units Built Before 1950",991
"Wilton","0900186370",2015,2017,"Percent","Housing Units Built Before 1950",15.6
"Winchester","0900586440",2013,2016,"Number","Total Housing Units",5486
"Winchester","0900586440",2013,2016,"Number","Housing Units Built Before 1950",2628
"Winchester","0900586440",2013,2016,"Percent","Housing Units Built Before 1950",47.9
"Winchester","0900586440",2015,2017,"Number","Total Housing Units",5822
"Winchester","0900586440",2015,2017,"Number","Housing Units Built Before 1950",2670
"Winchester","0900586440",2015,2017,"Percent","Housing Units Built Before 1950",45.9
"Windham","0901586790",2013,2016,"Number","Total Housing Units",9789
"Windham","0901586790",2013,2016,"Number","Housing Units Built Before 1950",3859
"Windham","0901586790",2013,2016,"Percent","Housing Units Built Before 1950",39.4
"Windham","0901586790",2015,2017,"Number","Total Housing Units",9676
"Windham","0901586790",2015,2017,"Number","Housing Units Built Before 1950",3948
"Windham","0901586790",2015,2017,"Percent","Housing Units Built Before 1950",40.8
"Windham County","09015",2013,2016,"Number","Total Housing Units",49051
"Windham County","09015",2013,2016,"Number","Housing Units Built Before 1950",15327
"Windham County","09015",2013,2016,"Percent","Housing Units Built Before 1950",31.2
"Windham County","09015",2015,2017,"Number","Total Housing Units",49176
"Windham County","09015",2015,2017,"Number","Housing Units Built Before 1950",15518
"Windham County","09015",2015,2017,"Percent","Housing Units Built Before 1950",31.6
"Windsor","0900387000",2013,2016,"Number","Total Housing Units",11629
"Windsor","0900387000",2013,2016,"Number","Housing Units Built Before 1950",2517
"Windsor","0900387000",2013,2016,"Percent","Housing Units Built Before 1950",21.6
"Windsor","0900387000",2015,2017,"Number","Total Housing Units",11671
"Windsor","0900387000",2015,2017,"Number","Housing Units Built Before 1950",2563
"Windsor","0900387000",2015,2017,"Percent","Housing Units Built Before 1950",22
"Windsor Locks","0900387070",2013,2016,"Number","Total Housing Units",5521
"Windsor Locks","0900387070",2013,2016,"Number","Housing Units Built Before 1950",1257
"Windsor Locks","0900387070",2013,2016,"Percent","Housing Units Built Before 1950",22.8
"Windsor Locks","0900387070",2015,2017,"Number","Total Housing Units",5295
"Windsor Locks","0900387070",2015,2017,"Number","Housing Units Built Before 1950",1267
"Windsor Locks","0900387070",2015,2017,"Percent","Housing Units Built Before 1950",23.9
"Wolcott","0900987560",2013,2016,"Number","Total Housing Units",6195
"Wolcott","0900987560",2013,2016,"Number","Housing Units Built Before 1950",920
"Wolcott","0900987560",2013,2016,"Percent","Housing Units Built Before 1950",14.9
"Wolcott","0900987560",2015,2017,"Number","Total Housing Units",6043
"Wolcott","0900987560",2015,2017,"Number","Housing Units Built Before 1950",853
"Wolcott","0900987560",2015,2017,"Percent","Housing Units Built Before 1950",14.1
"Woodbridge","0900987700",2013,2016,"Number","Total Housing Units",3366
"Woodbridge","0900987700",2013,2016,"Number","Housing Units Built Before 1950",675
"Woodbridge","0900987700",2013,2016,"Percent","Housing Units Built Before 1950",20.1
"Woodbridge","0900987700",2015,2017,"Number","Total Housing Units",3224
"Woodbridge","0900987700",2015,2017,"Number","Housing Units Built Before 1950",659
"Woodbridge","0900987700",2015,2017,"Percent","Housing Units Built Before 1950",20.4
"Woodbury","0900587910",2013,2016,"Number","Total Housing Units",4614
"Woodbury","0900587910",2013,2016,"Number","Housing Units Built Before 1950",922
"Woodbury","0900587910",2013,2016,"Percent","Housing Units Built Before 1950",20
"Woodbury","0900587910",2015,2017,"Number","Total Housing Units",4462
"Woodbury","0900587910",2015,2017,"Number","Housing Units Built Before 1950",1053
"Woodbury","0900587910",2015,2017,"Percent","Housing Units Built Before 1950",23.6
"Woodstock","0901588190",2013,2016,"Number","Total Housing Units",3694
"Woodstock","0901588190",2013,2016,"Number","Housing Units Built Before 1950",799
"Woodstock","0901588190",2013,2016,"Percent","Housing Units Built Before 1950",21.6
"Woodstock","0901588190",2015,2017,"Number","Total Housing Units",3809
"Woodstock","0901588190",2015,2017,"Number","Housing Units Built Before 1950",696
"Woodstock","0901588190",2015,2017,"Percent","Housing Units Built Before 1950",18.3
